centroids,error
1,6141.706957
2,1781.561553
3,1033.12057
4,373.4224394
5,264.8137027
6,191.1157557
7,133.807254
